latitude,longitude,xco2,name,capacity_mw,generation_gwh,est_Gt_co2_emms,est_Gt_co2_atm,Gt_co2
24.0983,82.6719,400.974743,VINDH_CHAL STPS,4760.0,29047.0,0.027013710000000003,0.012156169500000001,3131.6127428299997
24.0983,82.6719,404.58783,VINDH_CHAL STPS,4760.0,30015.0,0.02791395,0.0125612775,3159.8309523
24.0983,82.6719,406.872143,VINDH_CHAL STPS,4760.0,35116.0,0.03265788,0.014696046,3177.67143683
22.823,69.5532,399.992168,MUNDRA TPP,4620.0,30539.0,0.02840127,0.0127805715,3123.93883208
22.823,69.5532,403.45375,MUNDRA TPP,4620.0,28078.0,0.02611254,0.011750643,3150.9737875
22.823,69.5532,405.82796,MUNDRA TPP,4620.0,20311.0,0.01888923,0.0085001535,3169.5163676
22.8158,69.5281,399.992168,MUNDRA UMPP,4000.0,23679.0,0.02202147,0.009909661500000002,3123.93883208
22.8158,69.5281,403.45375,MUNDRA UMPP,4000.0,25303.0,0.02353179,0.0105893055,3150.9737875
22.8158,69.5281,405.82796,MUNDRA UMPP,4000.0,24599.0,0.02287707,0.0102946815,3169.5163676
23.9784,82.6275,400.677597,SASAN UMPP,3960.0,29342.0,0.027288060000000003,0.012279627000000001,3129.2920325699997
23.9784,82.6275,404.240104,SASAN UMPP,3960.0,27671.0,0.02573403,0.011580313500000002,3157.1152122399994
23.9784,82.6275,406.522942,SASAN UMPP,3960.0,29909.0,0.02781537,0.0125169165,3174.9441770199996
21.4129,79.9671,400.32545,TIRORA TPP,3300.0,18964.0,0.01763652,0.007936434,3126.5417644999998
21.4129,79.9671,403.849449,TIRORA TPP,3300.0,16665.0,0.015498449999999999,0.0069743025,3154.06419669
21.4129,79.9671,406.128978,TIRORA TPP,3300.0,16604.0,0.01544172,0.0069487740000000004,3171.86731818
21.0966,85.074,400.551345,TALCHER STPS,3000.0,22480.0,0.020906400000000002,0.00940788,3128.3060044500003
21.0966,85.074,404.028195,TALCHER STPS,3000.0,21370.0,0.019874100000000002,0.008943345000000002,3155.4602029499997
21.0966,85.074,406.469253,TALCHER STPS,3000.0,21490.0,0.019985700000000002,0.008993565000000002,3174.5248659299996
24.027,82.7915,400.677597,RIHAND,3000.0,19628.0,0.018254040000000003,0.008214318000000002,3129.2920325699997
24.027,82.7915,404.240104,RIHAND,3000.0,20486.0,0.01905198,0.008573391,3157.1152122399994
24.027,82.7915,406.522942,RIHAND,3000.0,22019.0,0.02047767,0.0092149515,3174.9441770199996
22.13,82.293,400.620709,SIPAT STPS,2980.0,21078.0,0.01960254,0.008821143000000002,3128.8477372899997
22.13,82.293,404.15757,SIPAT STPS,2980.0,22522.0,0.02094546,0.009425457,3156.4706217
22.13,82.293,406.503345,SIPAT STPS,2980.0,21771.0,0.02024703,0.0091111635,3174.79112445
20.0063,79.29,400.358068,CHANDRAPUR_Coal,2920.0,11158.697,0.01037758821,0.0046699146945,3126.79651108
20.0063,79.29,403.891659,CHANDRAPUR_Coal,2920.0,13675.44,0.0127181592,0.00572317164,3154.39385679
20.0063,79.29,406.180954,CHANDRAPUR_Coal,2920.0,13780.23,0.0128156139,0.005767026255,3172.2732507399996
24.201,82.7891,400.677597,ANPARA,2630.0,11151.06947219136,0.010370494609137967,0.004666722574112085,3129.2920325699997
24.201,82.7891,404.240104,ANPARA,2630.0,13227.35235,0.012301437685499999,0.005535646958475,3157.1152122399994
24.201,82.7891,406.522942,ANPARA,2630.0,15334.8763,0.014261434958999999,0.00641764573155,3174.9441770199996
18.7572,79.456,400.237891,R_GUNDEM STPS,2600.0,18990.0,0.017660699999999998,0.007947315,3125.8579287099997
18.7572,79.456,403.7812,R_GUNDEM STPS,2600.0,18357.0,0.01707201,0.007682404499999999,3153.531172
18.7572,79.456,406.085712,R_GUNDEM STPS,2600.0,17704.0,0.016464720000000002,0.007409124000000001,3171.5294107199998
22.3881,82.6858,400.39741,KORBA STPS,2600.0,19176.0,0.01783368,0.008025156,3127.1037721
22.3881,82.6858,403.944145,KORBA STPS,2600.0,19078.0,0.01774254,0.007984143,3154.80377245
22.3881,82.6858,406.265928,KORBA STPS,2600.0,19229.0,0.01788297,0.0080473365,3172.9368976799997
22.0987,83.4513,400.425067,TAMNAR TPP,2400.0,4101.53,0.0038144229,0.001716490305,3127.31977327
22.0987,83.4513,403.942442,TAMNAR TPP,2400.0,4529.6,0.004212528,0.0018956376000000001,3154.79047202
22.0987,83.4513,406.293319,TAMNAR TPP,2400.0,6337.63,0.0058939959,0.002652298155,3173.1508213899997
21.2414,79.096,400.344017,KORADI,2400.0,2725.69064,0.0025348922952,0.00114070153284,3126.68677277
21.2414,79.096,403.840387,KORADI,2400.0,4875.81,0.004534503300000001,0.0020405264850000006,3153.99342247
21.2414,79.096,406.141195,KORADI,2400.0,8670.845796000001,0.008063886590280003,0.0036287489656260013,3171.96273295
25.2349,87.2635,400.412088,KAHALGAON,2340.0,14192.0,0.01319856,0.005939352,3127.2184072799996
25.2349,87.2635,403.921902,KAHALGAON,2340.0,14834.8,0.013796364,0.0062083638,3154.6300546199996
25.2349,87.2635,406.286112,KAHALGAON,2340.0,15177.0,0.01411461,0.0063515745,3173.09453472
21.1797,79.3978,400.344017,MOUDA STPS,2320.0,1718.0,0.00159774,0.0007189830000000001,3126.68677277
21.1797,79.3978,403.840387,MOUDA STPS,2320.0,3838.0,0.00356934,0.001606203,3153.99342247
21.1797,79.3978,406.141195,MOUDA STPS,2320.0,7276.0,0.00676668,0.003045006,3171.96273295
24.772,87.894,400.478532,FARAKKA STPS,2100.0,11440.0,0.010639200000000001,0.004787640000000001,3127.7373349199997
24.772,87.894,403.964727,FARAKKA STPS,2100.0,12732.0,0.01184076,0.005328342000000001,3154.96451787
24.772,87.894,406.346848,FARAKKA STPS,2100.0,12381.0,0.01151433,0.0051814485,3173.56888288
24.1033,82.7068,400.677597,SINGRAULI STPS,2000.0,15054.0,0.01400022,0.006300099000000001,3129.2920325699997
24.1033,82.7068,404.240104,SINGRAULI STPS,2000.0,13998.0,0.013018140000000001,0.005858163,3157.1152122399994
24.1033,82.7068,406.522942,SINGRAULI STPS,2000.0,13616.0,0.01266288,0.005698296,3174.9441770199996
17.591,83.0917,400.194596,SIMHADRI,2000.0,13656.0,0.012700079999999999,0.005715036,3125.51979476
17.591,83.0917,403.719737,SIMHADRI,2000.0,13389.0,0.012451770000000001,0.0056032965,3153.05114597
17.591,83.0917,406.126669,SIMHADRI,2000.0,11062.0,0.01028766,0.004629447,3171.8492848899996
29.924,75.2372,400.340262,TALWANDI SABO,1980.0,2850.99,0.0026514206999999996,0.0011931393149999998,3126.6574462199997
29.924,75.2372,403.864378,TALWANDI SABO,1980.0,6618.7154,0.006155405322,0.0027699323949,3154.1807921799996
29.924,75.2372,406.259279,TALWANDI SABO,1980.0,7915.7,0.007361601000000001,0.0033127204500000003,3172.88496899
25.196,81.6594,400.392774,PRYAGRAJ (BARA) TPP,1980.0,219.5193,0.000204152949,9.186882705e-05,3127.0675649399996
25.196,81.6594,404.03335,PRYAGRAJ (BARA) TPP,1980.0,4004.0,0.0037237200000000002,0.001675674,3155.5004634999996
25.196,81.6594,406.28657,PRYAGRAJ (BARA) TPP,1980.0,5155.986,0.00479506698,0.002157780141,3173.0981116999997
24.7971,78.6463,400.196038,LALITPUR TPP,1980.0,495.63,0.0004609359,0.000207421155,3125.5310567799997
24.7971,78.6463,403.861635,LALITPUR TPP,1980.0,3741.87,0.0034799391,0.0015659725950000001,3154.1593693499995
24.7971,78.6463,406.103308,LALITPUR TPP,1980.0,8072.02,0.0075069786,0.0033781403700000002,3171.66683548
28.603,77.6078,400.753525,DADRI (NCTPP),1820.0,9333.0,0.00867969,0.0039058605000000003,3129.88503025
28.603,77.6078,404.483031,DADRI (NCTPP),1820.0,8197.0,0.00762321,0.0034304445,3159.0124721099996
28.603,77.6078,406.719574,DADRI (NCTPP),1820.0,9271.0,0.00862203,0.0038799134999999998,3176.47987294
21.9603,82.4091,400.620709,AKALTARA TPP,1800.0,5916.37,0.0055022241,0.002476000845,3128.8477372899997
21.9603,82.4091,404.15757,AKALTARA TPP,1800.0,6243.0,0.00580599,0.0026126954999999997,3156.4706217
21.9603,82.4091,406.503345,AKALTARA TPP,1800.0,5385.579736432796,0.005008589154882501,0.0022538651196971253,3174.79112445
16.3532,77.3422,400.047852,RAICHUR,1720.0,10422.69,0.0096931017,0.004361895765,3124.3737241199997
16.3532,77.3422,403.506414,RAICHUR,1720.0,10503.882,0.00976861026,0.004395874617,3151.38509334
16.3532,77.3422,405.88101,RAICHUR,1720.0,9833.69,0.0091453317,0.004115399265,3169.9306880999998
15.1932,76.7195,399.907629,BELLARY TPS,1700.0,5741.319,0.00533942667,0.0024027420015,3123.2785824899997
15.1932,76.7195,403.36371,BELLARY TPS,1700.0,5999.32,0.005579367599999999,0.00251071542,3150.2705751
15.1932,76.7195,405.711486,BELLARY TPS,1700.0,3738.4,0.0034767120000000003,0.0015645204000000002,3168.6067056599995
24.6217,77.0357,400.088268,CHHABRA TPS,1660.0,3991.512,0.00371210616,0.001670447772,3124.68937308
24.6217,77.0357,403.723754,CHHABRA TPS,1660.0,6133.784,0.00570441912,0.0025669886040000003,3153.0825187399996
24.6217,77.0357,405.99802,CHHABRA TPS,1660.0,6870.637949347289,0.006389693292892979,0.0028753619818018407,3170.8445361999998
14.704,78.4577,399.979959,RAYAL SEEMA,1650.0,6532.615,0.00607533195,0.0027338993775,3123.84347979
14.704,78.4577,403.419996,RAYAL SEEMA,1650.0,6020.8487,0.005599389291,0.00251972518095,3150.71016876
14.704,78.4577,405.838058,RAYAL SEEMA,1650.0,6216.6381,0.005781473433,0.00260166304485,3169.5952329799998
16.2949,77.3568,400.477556,YERMARUS TPP,1600.0,0.994875,9.252337499999999e-07,4.1635518749999996e-07,3127.7297123599997
16.2949,77.3568,403.956909,YERMARUS TPP,1600.0,233.59665,0.00021724488450000003,9.776019802500002e-05,3154.90345929
16.2949,77.3568,406.365811,YERMARUS TPP,1600.0,865.4,0.000804822,0.0003621699,3173.7169839099997
24.3696,88.1046,399.952101,SAGARDIGHI TPP,1600.0,2350.934,0.0021863686200000003,0.0009838658790000002,3123.62590881
24.3696,88.1046,403.428082,SAGARDIGHI TPP,1600.0,4222.614,0.00392703102,0.001767163959,3150.77332042
24.3696,88.1046,405.861438,SAGARDIGHI TPP,1600.0,5717.741,0.00531749913,0.0023928746085,3169.77783078
14.3444,80.1264,400.047852,DAMODARAM SANJEEVAIAH,1600.0,4750.17755,0.0044176651215000005,0.001987949304675,3124.3737241199997
14.3444,80.1264,403.506414,DAMODARAM SANJEEVAIAH,1600.0,8081.514,0.0075158080200000005,0.003382113609,3151.38509334
14.3444,80.1264,405.88101,DAMODARAM SANJEEVAIAH,1600.0,4482.947,0.004169140710000001,0.0018761133195000002,3169.9306880999998
25.9131,81.3274,400.383031,UNCHAHAR,1550.0,6353.0,0.00590829,0.0026587305,3126.99147211
25.9131,81.3274,404.068829,UNCHAHAR,1550.0,6335.0,0.005891550000000001,0.0026511975000000003,3155.7775544899996
25.9131,81.3274,406.319722,UNCHAHAR,1550.0,6337.0,0.00589341,0.0026520345,3173.35702882
13.2371,80.3023,399.949608,VALLUR ntpc/ntecl,1500.0,7130.507,0.00663137151,0.0029841171795,3123.6064384799997
13.2371,80.3023,403.435476,VALLUR ntpc/ntecl,1500.0,8564.379,0.007964872470000002,0.003584192611500001,3150.8310675599996
13.2371,80.3023,405.872465,VALLUR ntpc/ntecl,1500.0,6605.259,0.006142890870000001,0.0027643008915000005,3169.8639516499998
29.179,74.0202,400.19163,SURATGARH,1500.0,5282.0,0.004912260000000001,0.0022105170000000004,3125.4966302999997
29.179,74.0202,403.661674,SURATGARH,1500.0,4030.818,0.0037486607400000005,0.0016868973330000003,3152.59767394
29.179,74.0202,406.095829,SURATGARH,1500.0,4453.203,0.004141478790000001,0.0018636654555000004,3171.60842449
28.4849,76.3754,400.444529,INDRA GANDHI STPP,1500.0,5418.767,0.00503945331,0.0022677539895,3127.47177149
28.4849,76.3754,404.113529,INDRA GANDHI STPP,1500.0,5109.497,0.00475183221,0.0021383244945,3156.12666149
28.4849,76.3754,406.408332,INDRA GANDHI STPP,1500.0,7290.568,0.006780228240000001,0.0030511027080000006,3174.0490729199996
22.8725,73.3588,400.126882,WANAKBORI,1470.0,5161.538,0.0048002303399999995,0.002160103653,3124.99094842
22.8725,73.3588,403.610931,WANAKBORI,1470.0,3539.63,0.0032918559,0.001481335155,3152.20137111
22.8725,73.3588,405.992766,WANAKBORI,1470.0,7018.217,0.00652694181,0.0029371238145,3170.80350246
11.5576,79.4417,399.943136,NEYVELI ST II,1470.0,9546.648,0.00887838264,0.003995272188,3123.5558921599995
11.5576,79.4417,403.419214,NEYVELI ST II,1470.0,9987.752,0.00928860936,0.004179874212,3150.70406134
11.5576,79.4417,405.836,NEYVELI ST II,1470.0,9246.062,0.00859883766,0.0038694769470000003,3169.57916
30.557,76.577,400.499138,RAJPURA TPP,1400.0,7262.5005722,0.006754125532146001,0.0030393564894657,3127.89826778
30.557,76.577,404.105434,RAJPURA TPP,1400.0,8952.47,0.0083257971,0.0037466086950000005,3156.0634395399998
30.557,76.577,406.394855,RAJPURA TPP,1400.0,8647.43,0.0080421099,0.003618949455,3173.94381755
21.4499,81.8525,400.471897,RAIKHEDA,1370.0,588.74,0.0005475282,0.00024638769,3127.68551557
21.4499,81.8525,404.027826,RAIKHEDA,1370.0,687.88,0.0006397284,0.00028787778,3155.4573210599997
21.4499,81.8525,406.333949,RAIKHEDA,1370.0,1242.19,0.0011552367,0.0005198565150000001,3173.46814169
19.9817,73.8896,399.92886,NASIK TPP  PH 1,1350.0,0.0,0.0,0.0,3123.4443966
19.9817,73.8896,403.365834,NASIK TPP  PH 1,1350.0,0.0,0.0,0.0,3150.2871635399997
19.9817,73.8896,405.750225,NASIK TPP  PH 1,1350.0,0.0,0.0,0.0,3168.90925725
21.0782,77.9009,400.181179,AMARAVATI TPP,1350.0,5629.663,0.00523558659,0.0023560139655,3125.4150079899996
21.0782,77.9009,403.629465,AMARAVATI TPP,1350.0,1701.008,0.0015819374400000003,0.0007118718480000002,3152.3461216499995
21.0782,77.9009,405.987828,AMARAVATI TPP,1350.0,4350.558,0.00404601894,0.001820708523,3170.7649366799997
23.3026,81.0668,400.261839,SANJAY GANDHI,1340.0,6483.941,0.006030065130000001,0.0027135293085000004,3126.04496259
23.3026,81.0668,403.854063,SANJAY GANDHI,1340.0,6316.03,0.0058739079,0.0026432585550000003,3154.10023203
23.3026,81.0668,406.088629,SANJAY GANDHI,1340.0,6877.859,0.00639640887,0.0028783839915,3171.55219249
23.4639,87.1311,400.476402,MEJIA,1340.0,5125.82,0.0047670126,0.00214515567,3127.72069962
23.4639,87.1311,403.962077,MEJIA,1340.0,5716.32,0.005316177599999999,0.00239227992,3154.94382137
23.4639,87.1311,406.380821,MEJIA,1340.0,6345.2487,0.005901081291000001,0.0026554865809500007,3173.83421201
21.2818,79.116,400.258056,K_KHEDA II,1340.0,7444.948,0.00692380164,0.0031157107380000004,3126.01541736
21.2818,79.116,403.742146,K_KHEDA II,1340.0,7062.071,0.00656772603,0.0029554767135000003,3153.2261602599997
21.2818,79.116,406.045916,K_KHEDA II,1340.0,5630.601,0.00523645893,0.0023564065185,3171.2186039599997
22.4118,82.6888,400.439866,KORBA-WEST,1340.0,8691.857,0.00808342701,0.0036375421545,3127.43535346
22.4118,82.6888,403.947467,KORBA-WEST,1340.0,8655.446996,0.00804956570628,0.003622304567826,3154.82971727
22.4118,82.6888,406.345512,KORBA-WEST,1340.0,8773.357529,0.008159222501970001,0.0036716501258865007,3173.55844872
22.11,78.173,400.121232,SATPURA,1330.0,4959.34,0.004612186200000001,0.0020754837900000002,3124.94682192
22.11,78.173,403.61411,SATPURA,1330.0,3260.348,0.00303212364,0.001364455638,3152.2261990999996
22.11,78.173,405.917959,SATPURA,1330.0,4524.357,0.00420765201,0.0018934434045,3170.21925979
14.3512,80.1431,399.952101,PAINAMPURAM,1320.0,6348.3,0.0059039190000000005,0.0026567635500000003,3123.62590881
14.3512,80.1431,403.428082,PAINAMPURAM,1320.0,8470.57,0.0078776301,0.003544933545,3150.77332042
14.3512,80.1431,405.861438,PAINAMPURAM,1320.0,9271.61,0.008622597300000001,0.0038801687850000006,3169.77783078
24.15,81.9045,400.974743,NIGRI,1320.0,4998.6783000000005,0.004648770819000001,0.0020919468685500005,3131.6127428299997
24.15,81.9045,404.58783,NIGRI,1320.0,6794.6076,0.006318985068000001,0.0028435432806000003,3159.8309523
24.15,81.9045,406.872143,NIGRI,1320.0,7269.503,0.00676063779,0.0030422870055,3177.67143683
28.49,76.351,400.276348,MAHATMA GANDHI TPP,1320.0,4638.57,0.0043138701,0.0019412415449999998,3126.15827788
28.49,76.351,403.883982,MAHATMA GANDHI TPP,1320.0,2709.41,0.0025197513,0.0011338880849999999,3154.33389942
28.49,76.351,406.224223,MAHATMA GANDHI TPP,1320.0,6889.57,0.0064073001,0.002883285045,3172.61118163
25.4865,85.7452,400.449466,BARH STPP II,1320.0,4056.0,0.00377208,0.001697436,3127.5103294599994
25.4865,85.7452,404.045131,BARH STPP II,1320.0,7177.0,0.00667461,0.0030035745,3155.59247311
25.4865,85.7452,406.335073,BARH STPP II,1320.0,8778.0,0.00816354,0.003673593,3173.47692013
17.5587,73.167,399.879862,RATNAGIRI GAS,1967.08,1150.497,0.0008053479,0.000362406555,3123.06172222
17.5587,73.167,403.262081,RATNAGIRI GAS,1967.08,4472.098,0.0031304686,0.00140871087,3149.47685261
17.5587,73.167,405.638075,RATNAGIRI GAS,1967.08,4418.715,0.0030931005,0.001391895225,3168.03336575
16.64,80.5504,400.123459,KONDAPALLI GT,1458.0,2024.61,0.0014172269999999999,0.0006377521499999999,3124.96421479
16.64,80.5504,403.618628,KONDAPALLI GT,1458.0,2211.188,0.0015478316,0.00069652422,3152.2614846799997
16.64,80.5504,406.007666,KONDAPALLI GT,1458.0,644.4,0.00045108,0.00020298600000000002,3170.9198714599997
28.7962,77.0706,400.550908,PRAGATI CCCP -III,1371.2,1836.1148,0.00128528036,0.000578376162,3128.3025914799996
28.7962,77.0706,404.240802,PRAGATI CCCP -III,1371.2,1973.374,0.0013813618,0.00062161281,3157.1206636199995
28.7962,77.0706,406.477237,PRAGATI CCCP -III,1371.2,2844.5074,0.00199115518,0.0008960198309999999,3174.5872209699996
21.6923,72.6215,400.052379,DGEN MEGA CCCP,1200.0,2636.864,0.0018458047999999998,0.0008306121599999999,3124.4090799899996
21.6923,72.6215,403.495741,DGEN MEGA CCCP,1200.0,2.97,2.0790000000000003e-06,9.355500000000002e-07,3151.30173721
21.6923,72.6215,405.926892,DGEN MEGA CCCP,1200.0,0.0,0.0,0.0,3170.28902652
21.3395,72.9889,400.076507,SUGEN CCCP,1147.5,3516.449,0.0024615143,0.001107681435,3124.5975196699997
21.3395,72.9889,403.527214,SUGEN CCCP,1147.5,4654.18,0.003257926,0.0014660667,3151.54754134
21.3395,72.9889,405.960123,SUGEN CCCP,1147.5,6396.12,0.004477284,0.0020147778,3170.54856063
28.5932,77.6101,400.753525,DADRI GT,816.4,2924.0,0.0020468,0.00092106,3129.88503025
28.5932,77.6101,404.483031,DADRI GT,816.4,2178.0,0.0015245999999999999,0.00068607,3159.0124721099996
28.5932,77.6101,406.719574,DADRI GT,816.4,1575.0,0.0011025,0.000496125,3176.47987294
16.9248,81.8111,400.111799,GREL CCPP (RAJAMUNDRY),768.0,566.89,0.000396823,0.00017857035,3124.87315019
16.9248,81.8111,403.585796,GREL CCPP (RAJAMUNDRY),768.0,626.6846195736201,0.0004386792337015341,0.00019740565516569036,3152.00506676
16.9248,81.8111,405.998649,GREL CCPP (RAJAMUNDRY),768.0,0.0,0.0,0.0,3170.84944869
23.4987,91.4385,400.248282,PALATANA CCPP,726.6,3337.293,0.0023361051,0.0010512472949999999,3125.93908242
23.4987,91.4385,403.737958,PALATANA CCPP,726.6,3993.958,0.0027957706,0.0012580967700000002,3153.1934519799997
23.4987,91.4385,406.088942,PALATANA CCPP,726.6,3870.43,0.002709301,0.00121918545,3171.5546370199995
20.8986,71.4693,399.989461,PIPAVAV CCCP,702.86,454.954,0.00031846779999999996,0.00014331050999999998,3123.91769041
20.8986,71.4693,403.416614,PIPAVAV CCCP,702.86,216.621274,0.0001516348918,6.823570131e-05,3150.6837553399996
20.8986,71.4693,405.839167,PIPAVAV CCCP,702.86,160.5282,0.00011236973999999999,5.0566383e-05,3169.6038942699997
18.88,72.9715,400.125338,URAN GT,672.0,2801.53,0.001961071,0.0008824819500000001,3124.97888978
18.88,72.9715,403.503701,URAN GT,672.0,3203.3,0.00224231,0.0010090395,3151.36390481
18.88,72.9715,405.939281,URAN GT,672.0,3119.863,0.0021839040999999996,0.0009827568449999999,3170.38578461
21.78,72.979,400.108326,PAGUTHAN,655.0,875.54,0.000612878,0.0002757951,3124.8460260599995
21.78,72.979,403.567687,PAGUTHAN,655.0,273.01,0.00019110699999999998,8.599815e-05,3151.8636354699997
21.78,72.979,405.988386,PAGUTHAN,655.0,424.73,0.00029731099999999997,0.00013378995,3170.7692946599996
26.6282,79.5286,400.364027,AURAIYA GT,652.0,1465.0,0.0010255,0.000461475,3126.84305087
26.6282,79.5286,404.096324,AURAIYA GT,652.0,509.0,0.0003563,0.000160335,3155.9922904399996
26.6282,79.5286,406.339585,AURAIYA GT,652.0,357.0,0.0002499,0.000112455,3173.5121588499997
21.8242,73.1136,400.108326,GANDHAR GT,648.0,923.0,0.0006460999999999999,0.00029074499999999997,3124.8460260599995
21.8242,73.1136,403.567687,GANDHAR GT,648.0,2290.811,0.0016035677,0.000721605465,3151.8636354699997
21.8242,73.1136,405.988386,GANDHAR GT,648.0,3031.0,0.0021217,0.0009547649999999999,3170.7692946599996
21.175,72.6879,400.021654,KAWAS GT,645.0,1174.0,0.0008217999999999999,0.00036981,3124.16911774
21.175,72.6879,403.456618,KAWAS GT,645.0,1673.0,0.0011711,0.000526995,3150.9961865799996
21.175,72.6879,405.891205,KAWAS GT,645.0,2340.0,0.001638,0.0007371,3170.01031105
22.2396,72.752,400.088602,DHUVARAN CCPP,595.2,384.538,0.0002691766,0.00012112946999999999,3124.6919816199998
22.2396,72.752,403.538419,DHUVARAN CCPP,595.2,283.74811,0.000198623677,8.938065465e-05,3151.6350523899996
22.2396,72.752,405.9571,DHUVARAN CCPP,595.2,549.8693,0.00038490850999999996,0.0001732088295,3170.524951
21.111,72.655,400.021654,ESSAR GT IMP.,515.0,0.0,0.0,0.0,3124.16911774
21.111,72.655,403.456618,ESSAR GT IMP.,515.0,0.0,0.0,0.0,3150.9961865799996
21.111,72.655,405.891205,ESSAR GT IMP.,515.0,0.0,0.0,0.0,3170.01031105
17.0386,82.1286,400.132877,GAUTAMI CCCP,468.57,100.65,7.0455e-05,3.1704750000000005e-05,3125.0377693699998
17.0386,82.1286,403.63935,GAUTAMI CCCP,468.57,0.0,0.0,0.0,3152.4233234999997
17.0386,82.1286,406.048066,GAUTAMI CCCP,468.57,0.0,0.0,0.0,3171.23539546
16.9312,81.86,400.111799,JEGURUPADU GT,445.674,666.941,0.00046685870000000003,0.00021008641500000003,3124.87315019
16.9312,81.86,403.585796,JEGURUPADU GT,445.674,999.65,0.000699755,0.00031488975000000004,3152.00506676
16.9312,81.86,405.998649,JEGURUPADU GT,445.674,1030.99,0.000721693,0.00032476185000000004,3170.84944869
28.3452,77.3615,400.753525,F_BAD CCGT,431.586,1068.0,0.0007476,0.00033642,3129.88503025
28.3452,77.3615,404.483031,F_BAD CCGT,431.586,1004.908,0.0007034356,0.00031654602,3159.0124721099996
28.3452,77.3615,406.719574,F_BAD CCGT,431.586,811.0,0.0005677,0.000255465,3176.47987294
25.1797,76.3188,400.186562,ANTA GT,419.33,909.0,0.0006363,0.00028633500000000003,3125.4570492199996
25.1797,76.3188,403.821291,ANTA GT,419.33,666.42,0.0004664939999999999,0.00020992229999999997,3153.84428271
25.1797,76.3188,406.110165,ANTA GT,419.33,430.0,0.000301,0.00013545,3171.7203886499997
16.9238,81.8141,400.111799,VEMAGIRI CCCP,388.5,588.748,0.00041212360000000007,0.00018545562000000002,3124.87315019
16.9238,81.8141,403.585796,VEMAGIRI CCCP,388.5,301.17,0.000210819,9.486855e-05,3152.00506676
16.9238,81.8141,405.998649,VEMAGIRI CCCP,388.5,0.0,0.0,0.0,3170.84944869
21.3411,72.9895,400.076507,UNO SUGEN,382.5,834.058,0.0005838406,0.00026272827,3124.5975196699997
21.3411,72.9895,403.527214,UNO SUGEN,382.5,0.0,0.0,0.0,3151.54754134
21.3411,72.9895,405.960123,UNO SUGEN,382.5,0.0,0.0,0.0,3170.54856063
21.2285,72.8705,400.021654,UTRAN CCCP EXT,374.571,1237.589,0.0008663122999999999,0.000389840535,3124.16911774
21.2285,72.8705,403.456618,UTRAN CCCP EXT,374.571,145.405,0.0001017835,4.5802575000000006e-05,3150.9961865799996
21.2285,72.8705,405.891205,UTRAN CCCP EXT,374.571,242.181,0.0001695267,7.6287015e-05,3170.01031105
21.1652,72.6613,400.021654,HAZIRA-GSECL,351.43,0.0,0.0,0.0,3124.16911774
21.1652,72.6613,403.456618,HAZIRA-GSECL,351.43,222.8173,0.00015597210999999998,7.018744949999999e-05,3150.9961865799996
21.1652,72.6613,405.891205,HAZIRA-GSECL,351.43,185.639,0.0001299473,5.847628499999999e-05,3170.01031105
9.2404,76.4283,399.828046,KAYAM KULAM GT,350.0,131.0,9.169999999999999e-05,4.1265e-05,3122.6570392599997
9.2404,76.4283,403.22415,KAYAM KULAM GT,350.0,14.107692307692307,9.875384615384615e-06,4.443923076923077e-06,3149.1806115
9.2404,76.4283,405.604482,KAYAM KULAM GT,350.0,0.0,0.0,0.0,3167.77100442
11.0749,79.834,399.889835,P.NALLUR CCGT,330.5,152.252966,0.00010657707619999998,4.7959684289999995e-05,3123.13961135
11.0749,79.834,403.354376,P.NALLUR CCGT,330.5,195.884661,0.0001371192627,6.1703668215e-05,3150.1976765599998
11.0749,79.834,405.761563,P.NALLUR CCGT,330.5,0.0,0.0,0.0,3168.99780703
28.6146,77.2528,400.753525,PRAGATI CCGT,330.0,1497.798,0.0010484586,0.00047180637,3129.88503025
28.6146,77.2528,404.483031,PRAGATI CCGT,330.0,1759.182,0.0012314274,0.00055414233,3159.0124721099996
28.6146,77.2528,406.719574,PRAGATI CCGT,330.0,1908.437,0.0013359059,0.000601157655,3176.47987294
26.7024,77.8492,400.223822,DHOLPUR,330.0,282.7,0.00019789,8.90505e-05,3125.74804982
26.7024,77.8492,403.904087,DHOLPUR,330.0,94.855,6.63985e-05,2.9879325000000002e-05,3154.49091947
26.7024,77.8492,406.186652,DHOLPUR,330.0,210.2305,0.00014716135,6.62226075e-05,3172.3177521199996
22.3758,73.1017,400.167836,G.I.P.C.L. GT,310.0,932.13,0.0006524909999999999,0.00029362094999999997,3125.31079916
22.3758,73.1017,403.631802,G.I.P.C.L. GT,310.0,751.743,0.0005262201,0.000236799045,3152.3643736199997
22.3758,73.1017,406.032674,G.I.P.C.L. GT,310.0,693.296,0.0004853072,0.00021838824000000001,3171.11518394
27.341,95.408,400.444107,KATHALGURI GT,291.0,1713.14992,0.001199204944,0.0005396422248,3127.46847567
27.341,95.408,403.93118,KATHALGURI GT,291.0,1531.1131,0.0010717791699999999,0.00048230062649999995,3154.7025157999997
27.341,95.408,406.283641,KATHALGURI GT,291.0,1557.9901,0.00109059307,0.0004907668815000001,3173.0752362099997
16.9345,81.7245,400.111799,VIJESWARAM GT,272.3,693.874313,0.00048571201909999997,0.000218570408595,3124.87315019
16.9345,81.7245,403.585796,VIJESWARAM GT,272.3,669.578138,0.0004687046966,0.00021091711347,3152.00506676
16.9345,81.7245,405.998649,VIJESWARAM GT,272.3,1156.305799,0.0008094140593,0.000364236326685,3170.84944869
27.336,70.538,400.010145,RAMGARH GT,270.5,1459.399526,0.0010215796682,0.00045971085069,3124.07923245
27.336,70.538,403.472617,RAMGARH GT,270.5,1367.92423,0.0009575469609999999,0.00043089613244999997,3151.12113877
27.336,70.538,405.868731,RAMGARH GT,270.5,1391.01485,0.000973710395,0.00043816967775,3169.83478911
28.6194,77.2504,400.753525,I.P.GT,270.0,445.882,0.00031211739999999997,0.00014045283,3129.88503025
28.6194,77.2504,404.483031,I.P.GT,270.0,673.162,0.0004712134,0.00021204602999999998,3159.0124721099996
28.6194,77.2504,406.719574,I.P.GT,270.0,562.509,0.0003937563,0.000177190335,3176.47987294
12.9019,74.816,399.882693,TANIR BAVI,220.0,0.0,0.0,0.0,3123.08383233
12.9019,74.816,403.302008,TANIR BAVI,220.0,0.0,0.0,0.0,3149.78868248
12.9019,74.816,405.618255,TANIR BAVI,220.0,0.0,0.0,0.0,3167.87857155
17.0853,82.1283,400.132877,PEDDAPURAM CCGT(Samalkot),220.0,0.0,0.0,0.0,3125.0377693699998
17.0853,82.1283,403.63935,PEDDAPURAM CCGT(Samalkot),220.0,0.0,0.0,0.0,3152.4233234999997
17.0853,82.1283,406.048066,PEDDAPURAM CCGT(Samalkot),220.0,0.0,0.0,0.0,3171.23539546
17.0587,82.3097,400.132877,GODAVARI GT,205.24,535.411,0.00037478769999999993,0.00016865446499999997,3125.0377693699998
17.0587,82.3097,403.63935,GODAVARI GT,205.24,933.37,0.000653359,0.00029401154999999997,3152.4233234999997
17.0587,82.3097,406.048066,GODAVARI GT,205.24,553.615,0.00038753050000000003,0.00017438872500000001,3171.23539546
9.3484,78.9235,399.833285,VALUTHUR GT,186.2,680.475,0.00047633249999999995,0.000214349625,3122.6979558499997
9.3484,78.9235,403.276645,VALUTHUR GT,186.2,906.996,0.0006348971999999999,0.00028570373999999997,3149.5905974499997
9.3484,78.9235,405.654563,VALUTHUR GT,186.2,1198.136,0.0008386951999999999,0.00037741284,3168.16213703
19.0018,72.8967,400.125338,TROMBAY GT,180.0,1149.0,0.0008043,0.000361935,3124.97888978
19.0018,72.8967,403.503701,TROMBAY GT,180.0,1372.0,0.0009603999999999999,0.00043218,3151.36390481
19.0018,72.8967,405.939281,TROMBAY GT,180.0,1314.0,0.0009197999999999999,0.00041390999999999997,3170.38578461
10.074,76.3188,399.9249,BSES Kerala CCGT,165.0,3.4172,2.3920399999999995e-06,1.0764179999999998e-06,3123.4134689999996
10.074,76.3188,403.348499,BSES Kerala CCGT,165.0,0.0,0.0,0.0,3150.15177719
10.074,76.3188,405.695631,BSES Kerala CCGT,165.0,60.718,4.25026e-05,1.912617e-05,3168.48287811
27.1858,95.376,400.011769,NAMRUP GT,161.75,487.339,0.0003411373,0.00015351178499999998,3124.09191589
27.1858,95.376,403.504056,NAMRUP GT,161.75,333.18,0.000233226,0.0001049517,3151.36667736
27.1858,95.376,405.851575,NAMRUP GT,161.75,306.396,0.0002144772,9.651474e-05,3169.70080075
22.3256,69.7399,399.994048,HAZIRA CCCP,156.1,136.0644,9.524508e-05,4.2860286e-05,3123.95351488
22.3256,69.7399,403.447366,HAZIRA CCCP,156.1,23.37455,1.6362185e-05,7.36298325e-06,3150.92392846
22.3256,69.7399,405.82451,HAZIRA CCCP,156.1,1.878,1.3145999999999999e-06,5.9157e-07,3169.4894231
27.0221,94.8833,400.287994,LAKWA GT,142.2,870.2,0.00060914,0.000274113,3126.24923314
27.0221,94.8833,403.771254,LAKWA GT,142.2,823.297501,0.0005763082507,0.000259338712815,3153.45349374
27.0221,94.8833,406.127073,LAKWA GT,142.2,614.442988,0.00043011009160000003,0.00019354954122000002,3171.8524401299996
23.438,91.274,400.289525,MONARCHAK CCPP,136.5,125.88,8.8116e-05,3.96522e-05,3126.2611902500003
23.438,91.274,403.776332,MONARCHAK CCPP,136.5,174.7967,0.00012235769,5.50609605e-05,3153.49315292
23.438,91.274,406.143931,MONARCHAK CCPP,136.5,645.293,0.00045170510000000003,0.00020326729500000002,3171.9841011099998
23.8712,91.3602,400.331612,AGARTALA GT,135.0,843.747,0.0005906228999999999,0.000265780305,3126.58988972
23.8712,91.3602,403.809938,AGARTALA GT,135.0,886.004428,0.0006202030996,0.00027909139481999996,3153.75561578
23.8712,91.3602,406.184703,AGARTALA GT,135.0,663.7745,0.00046464215,0.00020908896750000002,3172.30253043
13.1021,80.2682,399.949608,BASIN BRIDGE GT,120.0,8.29591247299784,5.807138731098487e-06,2.6132124289943193e-06,3123.6064384799997
13.1021,80.2682,403.435476,BASIN BRIDGE GT,120.0,10.46898,7.328286e-06,3.2977287e-06,3150.8310675599996
13.1021,80.2682,405.872465,BASIN BRIDGE GT,120.0,5.85771,4.100397e-06,1.84517865e-06,3169.8639516499998
11.1208,79.5287,399.889835,KARUPPUR GT,119.8,620.207,0.00043414489999999995,0.000195365205,3123.13961135
11.1208,79.5287,403.354376,KARUPPUR GT,119.8,480.967,0.0003366769,0.000151504605,3150.1976765599998
11.1208,79.5287,405.761563,KARUPPUR GT,119.8,469.44,0.000328608,0.00014787359999999999,3168.99780703
10.5415,79.4507,399.853104,KOVILKALAPPAL,107.88,363.398,0.00025437859999999997,0.00011447036999999999,3122.8527422399998
10.5415,79.4507,403.306022,KOVILKALAPPAL,107.88,308.967,0.00021627689999999996,9.732460499999999e-05,3149.8200318199997
10.5415,79.4507,405.70464,KOVILKALAPPAL,107.88,266.158,0.0001863106,8.383977000000001e-05,3168.5532384
11.076,79.57,399.889835,KUTTALAM GT,101.0,518.844,0.0003631908,0.00016343586,3123.13961135
11.076,79.57,403.354376,KUTTALAM GT,101.0,335.927,0.0002351489,0.000105817005,3150.1976765599998
11.076,79.57,405.761563,KUTTALAM GT,101.0,309.549,0.00021668429999999997,9.750793499999999e-05,3168.99780703
28.7327,77.1016,400.753525,RITHALA CCCP,94.8,0.0,0.0,0.0,3129.88503025
28.7327,77.1016,404.483031,RITHALA CCCP,94.8,0.0,0.0,0.0,3159.0124721099996
28.7327,77.1016,406.719574,RITHALA CCCP,94.8,0.0,0.0,0.0,3176.47987294
23.626,91.1948,400.289525,ROKHIA GT,63.0,466.77,0.000326739,0.00014703255,3126.2611902500003
23.626,91.1948,403.776332,ROKHIA GT,63.0,434.18,0.000303926,0.0001367667,3153.49315292
23.626,91.1948,406.143931,ROKHIA GT,63.0,406.76,0.00028473199999999994,0.00012812939999999997,3171.9841011099998
9.3279,78.9215,399.833285,VALANTHARVI GT,52.8,170.734,0.00011951380000000001,5.378121000000001e-05,3122.6979558499997
9.3279,78.9215,403.276645,VALANTHARVI GT,52.8,374.892,0.0002624244,0.00011809098,3149.5905974499997
9.3279,78.9215,405.654563,VALANTHARVI GT,52.8,370.625,0.0002594375,0.00011674687500000001,3168.16213703
23.807,91.565,400.250843,BARAMURA,42.0,231.626436,0.0001621385052,7.296232734e-05,3125.9590838299996
23.807,91.565,403.736901,BARAMURA,42.0,187.1936693391032,0.00013103556853737223,5.8966005841817506e-05,3153.18519681
23.807,91.565,406.102443,BARAMURA,42.0,178.10669,0.00012467468299999997,5.610360734999999e-05,3171.6600798299996
10.9325,79.8216,399.889835,KARAIKAL,32.5,212.9191786,0.00014904342501999998,6.706954125899999e-05,3123.13961135
10.9325,79.8216,403.354376,KARAIKAL,32.5,231.32471,0.000161927297,7.286728365e-05,3150.1976765599998
10.9325,79.8216,405.761563,KARAIKAL,32.5,212.3774439145722,0.00014866421074020053,6.689889483309024e-05,3168.99780703
11.2054,75.8067,399.906087,KOJIKODE DG,96.0,133.4064,0.000102722928,4.62253176e-05,3123.2665394699998
11.2054,75.8067,403.326551,KOJIKODE DG,96.0,36.34044,2.79821388e-05,1.259196246e-05,3149.98036331
11.2054,75.8067,405.677962,KOJIKODE DG,96.0,0.74653,5.748281000000001e-07,2.5867264500000004e-07,3168.3448832199997
9.9975,76.3744,399.9249,BRAMHAPURAM DG,60.0,12.8899,9.925223e-06,4.466350350000001e-06,3123.4134689999996
9.9975,76.3744,403.348499,BRAMHAPURAM DG,60.0,5.1171,3.940167e-06,1.7730751499999999e-06,3150.15177719
9.9975,76.3744,405.695631,BRAMHAPURAM DG,60.0,0.4257687955728225,3.278419725910733e-07,1.47528887665983e-07,3168.48287811
